{
  "project_info": {
    "project_number": "392325061860",
    "project_id": "signup-login-realtime-12637",
    "storage_bucket": "signup-login-realtime-12637.appspot.com"
  },
  "client": [
    {
      "client_info": {
        "mobilesdk_app_id": "1:392325061860:android:beef9626e00d8e16dce0f1",
        "android_client_info": {
          "package_name": "com.example.signuploginrealtime"
        }
      },
      "oauth_client": [],
      "api_key": [
        {
          "current_key": "AIzaSyBfRLI-U0CILMVxAEZxS8785UHcIz6ynI0"
        }
      ],
      "services": {
        "appinvite_service": {
          "other_platform_oauth_client": []
        }
      }
    }
  ],
  "configuration_version": "1"
}